<?xml version="1.0" encoding="utf-8"?>
<Invoice xmlns:xsi="http://www.w3.org/2001/XMLSchema-instance" xmlns:xsd="http://www.w3.org/2001/XMLSchema" xmlns:cac="urn:oasis:names:specification:ubl:schema:xsd:CommonAggregateComponents-2" xmlns:cbc="urn:oasis:names:specification:ubl:schema:xsd:CommonBasicComponents-2" xmlns:ccts="urn:un:unece:uncefact:documentation:2" xmlns:ds="http://www.w3.org/2000/09/xmldsig#" xmlns:ext="urn:oasis:names:specification:ubl:schema:xsd:CommonExtensionComponents-2" xmlns:qdt="urn:oasis:names:specification:ubl:schema:xsd:QualifiedDatatypes-2" xmlns:udt="urn:un:unece:uncefact:data:specification:UnqualifiedDataTypesSchemaModule:2" xmlns="urn:oasis:names:specification:ubl:schema:xsd:Invoice-2">
                    <ext:UBLExtensions>
                        <ext:UBLExtension>
                            <ext:ExtensionContent/>
                        </ext:UBLExtension>
                    </ext:UBLExtensions>
                    <cbc:UBLVersionID>2.1</cbc:UBLVersionID>
                    <cbc:CustomizationID schemeAgencyName="PE:SUNAT">2.0</cbc:CustomizationID>
                    <cbc:ProfileID schemeName="Tipo de Operacion" schemeAgencyName="PE:SUNAT" schemeURI="urn:pe:gob:sunat:cpe:see:gem:catalogos:catalogo17">0101</cbc:ProfileID>
                    <cbc:ID>B001-251</cbc:ID>
                    <cbc:IssueDate>2023-10-20</cbc:IssueDate>
                    <cbc:IssueTime>09:10:48</cbc:IssueTime>
                    <cbc:DueDate>2023-10-20</cbc:DueDate>
                    <cbc:InvoiceTypeCode listAgencyName="PE:SUNAT" listName="Tipo de Documento" listURI="urn:pe:gob:sunat:cpe:see:gem:catalogos:catalogo01" listID="0101" name="Tipo de Operacion">03</cbc:InvoiceTypeCode>
                    <cbc:DocumentCurrencyCode listID="ISO 4217 Alpha" listName="Currency" listAgencyName="United Nations Economic Commission for Europe">PEN</cbc:DocumentCurrencyCode>
                    <cbc:LineCountNumeric>1</cbc:LineCountNumeric>
                    <cac:Signature>
                        <cbc:ID>B001-251</cbc:ID>
                        <cac:SignatoryParty>
                            <cac:PartyIdentification>
                                <cbc:ID>10467291241</cbc:ID>
                            </cac:PartyIdentification>
                            <cac:PartyName>
                                <cbc:Name><![CDATA[TUTORIALESPHPERU SAC]]></cbc:Name>
                            </cac:PartyName>
                        </cac:SignatoryParty>
                        <cac:DigitalSignatureAttachment>
                            <cac:ExternalReference>
                                <cbc:URI>#SignatureSP</cbc:URI>
                            </cac:ExternalReference>
                        </cac:DigitalSignatureAttachment>
                    </cac:Signature>
                    <cac:AccountingSupplierParty>
                        <cac:Party>
                            <cac:PartyIdentification>
                                <cbc:ID schemeID="6" schemeName="Documento de Identidad" schemeAgencyName="PE:SUNAT" schemeURI="urn:pe:gob:sunat:cpe:see:gem:catalogos:catalogo06">10467291241</cbc:ID>
                            </cac:PartyIdentification>
                            <cac:PartyName>
                                <cbc:Name><![CDATA[TUTORIALESPHPERU SAC]]></cbc:Name>
                            </cac:PartyName>
                            <cac:PartyTaxScheme>
                                <cbc:RegistrationName><![CDATA[TUTORIALESPHPERU SAC]]></cbc:RegistrationName>
                                <cbc:CompanyID schemeID="6" schemeName="SUNAT:Identificador de Documento de Identidad" schemeAgencyName="PE:SUNAT" schemeURI="urn:pe:gob:sunat:cpe:see:gem:catalogos:catalogo06">10467291241</cbc:CompanyID>
                                <cac:TaxScheme>
                                <cbc:ID schemeID="6" schemeName="SUNAT:Identificador de Documento de Identidad" schemeAgencyName="PE:SUNAT" schemeURI="urn:pe:gob:sunat:cpe:see:gem:catalogos:catalogo06">10467291241</cbc:ID>
                                </cac:TaxScheme>
                            </cac:PartyTaxScheme>
                            <cac:PartyLegalEntity>
                                <cbc:RegistrationName><![CDATA[TUTORIALESPHPERU SAC]]></cbc:RegistrationName>
                                <cac:RegistrationAddress>
                                <cbc:ID schemeName="Ubigeos" schemeAgencyName="PE:INEI">121245</cbc:ID>
                                <cbc:AddressTypeCode listAgencyName="PE:SUNAT" listName="Establecimientos anexos">0000</cbc:AddressTypeCode>
                                <cbc:CityName><![CDATA[LIMA]]></cbc:CityName>
                                <cbc:CountrySubentity><![CDATA[LIMA]]></cbc:CountrySubentity>
                                <cbc:District><![CDATA[BARRANCO]]></cbc:District>
                                <cac:AddressLine>
                                    <cbc:Line><![CDATA[CALLE BUENAVENTURA AGUIRRE 302]]></cbc:Line>
                                </cac:AddressLine>
                                <cac:Country>
                                    <cbc:IdentificationCode listID="ISO 3166-1" listAgencyName="United Nations Economic Commission for Europe" listName="Country">PE</cbc:IdentificationCode>
                                </cac:Country>
                                </cac:RegistrationAddress>
                            </cac:PartyLegalEntity>
                            <cac:Contact>
                                <cbc:Name><![CDATA[]]></cbc:Name>
                            </cac:Contact>
                        </cac:Party>
                    </cac:AccountingSupplierParty>
                    <cac:AccountingCustomerParty>
                        <cac:Party>
                        <cac:PartyIdentification>
                            <cbc:ID schemeID="0" schemeName="Documento de Identidad" schemeAgencyName="PE:SUNAT" schemeURI="urn:pe:gob:sunat:cpe:see:gem:catalogos:catalogo06">99999999</cbc:ID>
                        </cac:PartyIdentification>
                        <cac:PartyName>
                            <cbc:Name><![CDATA[CLIENTES VARIOS]]></cbc:Name>
                        </cac:PartyName>
                        <cac:PartyTaxScheme>
                            <cbc:RegistrationName><![CDATA[CLIENTES VARIOS]]></cbc:RegistrationName>
                            <cbc:CompanyID schemeID="0" schemeName="SUNAT:Identificador de Documento de Identidad" schemeAgencyName="PE:SUNAT" schemeURI="urn:pe:gob:sunat:cpe:see:gem:catalogos:catalogo06">99999999</cbc:CompanyID>
                            <cac:TaxScheme>
                                <cbc:ID schemeID="0" schemeName="SUNAT:Identificador de Documento de Identidad" schemeAgencyName="PE:SUNAT" schemeURI="urn:pe:gob:sunat:cpe:see:gem:catalogos:catalogo06">99999999</cbc:ID>
                            </cac:TaxScheme>
                        </cac:PartyTaxScheme>
                        <cac:PartyLegalEntity>
                            <cbc:RegistrationName><![CDATA[CLIENTES VARIOS]]></cbc:RegistrationName>
                            <cac:RegistrationAddress>
                                <cbc:ID schemeName="Ubigeos" schemeAgencyName="PE:INEI"/>
                                <cbc:CityName><![CDATA[]]></cbc:CityName>
                                <cbc:CountrySubentity><![CDATA[]]></cbc:CountrySubentity>
                                <cbc:District><![CDATA[]]></cbc:District>
                                <cac:AddressLine>
                                    <cbc:Line><![CDATA[-]]></cbc:Line>
                                </cac:AddressLine>                                        
                                <cac:Country>
                                    <cbc:IdentificationCode listID="ISO 3166-1" listAgencyName="United Nations Economic Commission for Europe" listName="Country"/>
                                </cac:Country>
                            </cac:RegistrationAddress>
                        </cac:PartyLegalEntity>
                        </cac:Party>
                    </cac:AccountingCustomerParty>
                    <cac:PaymentTerms>
                            <cbc:ID>FormaPago</cbc:ID>
                            <cbc:PaymentMeansID>Contado</cbc:PaymentMeansID>
                    </cac:PaymentTerms>
                    <cac:TaxTotal>
                        <cbc:TaxAmount currencyID="PEN">2.37</cbc:TaxAmount>
                        <cac:TaxSubtotal>
                            <cbc:TaxableAmount currencyID="PEN">13.14</cbc:TaxableAmount>
                            <cbc:TaxAmount currencyID="PEN">2.37</cbc:TaxAmount>
                            <cac:TaxCategory>
                                <cbc:ID schemeID="UN/ECE 5305" schemeName="Tax Category Identifier" schemeAgencyName="United Nations Economic Commission for Europe">S</cbc:ID>
                                <cac:TaxScheme>
                                    <cbc:ID schemeID="UN/ECE 5153" schemeAgencyID="6">1000</cbc:ID>
                                    <cbc:Name>IGV</cbc:Name>
                                    <cbc:TaxTypeCode>VAT</cbc:TaxTypeCode>
                                </cac:TaxScheme>
                            </cac:TaxCategory>
                        </cac:TaxSubtotal></cac:TaxTotal>
                    <cac:LegalMonetaryTotal>
                        <cbc:LineExtensionAmount currencyID="PEN">13.14</cbc:LineExtensionAmount>
                        <cbc:TaxInclusiveAmount currencyID="PEN">15.51</cbc:TaxInclusiveAmount>
                        <cbc:PayableAmount currencyID="PEN">15.51</cbc:PayableAmount>
                    </cac:LegalMonetaryTotal><cac:InvoiceLine>
                            <cbc:ID>1</cbc:ID>
                            <cbc:InvoicedQuantity unitCode="NIU" unitCodeListID="UN/ECE rec 20" unitCodeListAgencyName="United Nations Economic Commission for Europe">1</cbc:InvoicedQuantity>
                            <cbc:LineExtensionAmount currencyID="PEN">13.14</cbc:LineExtensionAmount>
                            <cac:PricingReference>
                                <cac:AlternativeConditionPrice>
                                    <cbc:PriceAmount currencyID="PEN">15.51</cbc:PriceAmount>
                                    <cbc:PriceTypeCode listName="Tipo de Precio" listAgencyName="PE:SUNAT" listURI="urn:pe:gob:sunat:cpe:see:gem:catalogos:catalogo16">01</cbc:PriceTypeCode>
                                </cac:AlternativeConditionPrice>
                            </cac:PricingReference>
                            <cac:TaxTotal>
                                <cbc:TaxAmount currencyID="PEN">2.37</cbc:TaxAmount>
                                <cac:TaxSubtotal>
                                    <cbc:TaxableAmount currencyID="PEN">13.14</cbc:TaxableAmount>
                                    <cbc:TaxAmount currencyID="PEN">2.37</cbc:TaxAmount>
                                    <cac:TaxCategory>
                                    <cbc:ID schemeID="UN/ECE 5305" schemeName="Tax Category Identifier" schemeAgencyName="United Nations Economic Commission for Europe">S</cbc:ID>
                                    <cbc:Percent>18</cbc:Percent>
                                    <cbc:TaxExemptionReasonCode listAgencyName="PE:SUNAT" listName="Afectacion del IGV" listURI="urn:pe:gob:sunat:cpe:see:gem:catalogos:catalogo07">10</cbc:TaxExemptionReasonCode>
                                    <cac:TaxScheme>
                                        <cbc:ID schemeID="UN/ECE 5153" schemeName="Codigo de tributos" schemeAgencyName="PE:SUNAT">1000</cbc:ID>
                                        <cbc:Name>IGV</cbc:Name>
                                        <cbc:TaxTypeCode>VAT</cbc:TaxTypeCode>
                                    </cac:TaxScheme>
                                    </cac:TaxCategory>
                                </cac:TaxSubtotal></cac:TaxTotal>
                            <cac:Item>
                                <cbc:Description><![CDATA[COCINERO 1L]]></cbc:Description>
                                <cac:SellersItemIdentification>
                                    <cbc:ID><![CDATA[195]]></cbc:ID>
                                </cac:SellersItemIdentification>
                                <cac:CommodityClassification>
                                    <cbc:ItemClassificationCode listID="UNSPSC" listAgencyName="GS1 US" listName="Item Classification">10191509</cbc:ItemClassificationCode>
                                </cac:CommodityClassification>
                            </cac:Item>
                            <cac:Price>
                                <cbc:PriceAmount currencyID="PEN">13.14</cbc:PriceAmount>
                            </cac:Price>
                        </cac:InvoiceLine></Invoice>
